{"loss": 3.1236876249313354, "validation loss": 0.05558766168542206, "learning rate": 0.003, "_timestamp": 1733128046.7434087, "_runtime": 180.56608963012695, "_step": 9, "_wandb": {"runtime": 180}}