{"loss": 1.5409418046474457, "validation loss": 0.029891731217503548, "learning rate": 0.003, "_timestamp": 1733070882.106236, "_runtime": 111.60722708702087, "_step": 8, "_wandb": {"runtime": 115}}