{"loss": 9.656421571969986, "validation loss": 0.14473414048552513, "learning rate": 0.003, "_timestamp": 1733135016.4473157, "_runtime": 55.59947872161865, "_step": 2, "_wandb": {"runtime": 63}}