{"loss": 1.3552678115665913, "validation loss": 0.026930679916404188, "learning rate": 0.003, "_timestamp": 1733077878.2859704, "_runtime": 352.85667848587036, "_step": 9, "_wandb": {"runtime": 352}}