{"loss": 11.13519498705864, "validation loss": 0.17323198169469833, "learning rate": 0.003, "_timestamp": 1733077420.3779583, "_runtime": 63.82962441444397, "_step": 1, "_wandb": {"runtime": 90}}