{"loss": 3.1236876249313354, "validation loss": 0.05558766168542206, "learning rate": 0.003, "_timestamp": 1733090633.4577777, "_runtime": 179.55069375038147, "_step": 9, "_wandb": {"runtime": 179}}